


<?xml version="1.0" encoding="UTF-8"?>
<suppressions xmlns="https://jeremylong.github.io/DependencyCheck/dependency-suppression.1.3.xsd">
   <suppress>
      <notes>
		  <![CDATA[
      file name: hibernate-validator-6.0.18.Final.jar
      ]]>
      </notes>
      <packageUrl regex="true">^pkg:maven/org\.hibernate\.validator/hibernate\-validator@.*$</packageUrl>
      <cve>CVE-2020-10693</cve>
   </suppress>
</suppressions>
<suppress>
   <notes><![CDATA[
   file name: hibernate-validator-6.0.18.Final.jar
   ]]></notes>
   <packageUrl regex="true">^pkg:maven/org\.hibernate\.validator/hibernate\-validator@.*$</packageUrl>
   <cpe>cpe:/a:redhat:hibernate_validator</cpe>
</suppress>
<suppress>
   <notes><![CDATA[
   file name: jackson-databind-2.10.2.jar
   ]]></notes>
   <packageUrl regex="true">^pkg:maven/com\.fasterxml\.jackson\.core/jackson\-databind@.*$</packageUrl>
   <cpe>cpe:/a:fasterxml:jackson-databind</cpe>
</suppress>
<suppress>
   <notes><![CDATA[
   file name: jackson-databind-2.10.2.jar
   ]]></notes>
   <packageUrl regex="true">^pkg:maven/com\.fasterxml\.jackson\.core/jackson\-databind@.*$</packageUrl>
   <cpe>cpe:/a:fasterxml:jackson-databind</cpe>
</suppress>
<suppress>
   <notes><![CDATA[
   file name: jackson-databind-2.10.2.jar
   ]]></notes>
   <packageUrl regex="true">^pkg:maven/com\.fasterxml\.jackson\.core/jackson\-databind@.*$</packageUrl>
   <cve>CVE-2020-25649</cve>
</suppress>
<suppress>
   <notes><![CDATA[
   file name: jackson-databind-2.10.2.jar
   ]]></notes>
   <packageUrl regex="true">^pkg:maven/com\.fasterxml\.jackson\.core/jackson\-databind@.*$</packageUrl>
   <cve>CVE-2020-36518</cve>
</suppress>
<suppress>
   <notes><![CDATA[
   file name: jackson-databind-2.10.2.jar
   ]]></notes>
   <packageUrl regex="true">^pkg:maven/com\.fasterxml\.jackson\.core/jackson\-databind@.*$</packageUrl>
   <cve>CVE-2021-46877</cve>
</suppress>
<suppress>
   <notes><![CDATA[
   file name: jackson-databind-2.10.2.jar
   ]]></notes>
   <packageUrl regex="true">^pkg:maven/com\.fasterxml\.jackson\.core/jackson\-databind@.*$</packageUrl>
   <cve>CVE-2022-42004</cve>
</suppress>
<suppress>
   <notes><![CDATA[
   file name: jackson-databind-2.10.2.jar
   ]]></notes>
   <packageUrl regex="true">^pkg:maven/com\.fasterxml\.jackson\.core/jackson\-databind@.*$</packageUrl>
   <cve>CVE-2023-35116</cve>
</suppress>
<suppress>
   <notes><![CDATA[
   file name: json-path-2.4.0.jar
   ]]></notes>
   <packageUrl regex="true">^pkg:maven/com\.jayway\.jsonpath/json\-path@.*$</packageUrl>
   <cpe>cpe:/a:json-path:jayway_jsonpath</cpe>
</suppress>
<suppress>
   <notes><![CDATA[
   file name: json-path-2.4.0.jar
   ]]></notes>
   <packageUrl regex="true">^pkg:maven/com\.jayway\.jsonpath/json\-path@.*$</packageUrl>
   <vulnerabilityName>CVE-2023-51074</vulnerabilityName>
</suppress>
<suppress>
   <notes><![CDATA[
   file name: json-smart-2.3.jar
   ]]></notes>
   <packageUrl regex="true">^pkg:maven/net\.minidev/json\-smart@.*$</packageUrl>
   <vulnerabilityName>CVE-2023-1370</vulnerabilityName>
</suppress>